"Epic","Feature","Story","FAILED","BROKEN","PASSED","SKIPPED","UNKNOWN"
"pmda.news","","","0","0","9","0","0"
"dbpmda","","","0","0","45","0","0"
"local","","","1","0","670","4","0"
"sanity","","","1","0","670","4","0"
"perl","","","0","0","27","0","0"
"libpcp","","","1","0","176","3","0"
"pmval","","","0","0","36","0","0"
"kernel","","","0","0","54","0","0"
"getopt","","","0","0","9","0","0"
"timezone","","","0","0","18","0","0"
"python","","","1","0","58","4","0"
"pmstore","","","0","0","53","1","0"
"derive","","","0","0","45","0","0"
"pmprobe","","","0","0","27","0","0"
"#679693","","","0","0","9","0","0"
"pmda.sample","","","0","0","63","0","0"
"pminfo","","","0","0","54","0","0"
"event","","","0","0","45","0","0"
"pmlogextract","","","0","0","63","0","0"
"pmdumplog","","","0","0","108","0","0"
"labels","","","1","0","61","1","0"
"help","","","0","0","54","0","0"
"ostest","","","0","0","153","0","0"
"pmlogger","","","0","0","27","0","0"
"archive","","","0","0","99","0","0"
"pmcd","","","0","0","45","0","0"
"pdu","","","0","0","27","0","0"
"pmns","","","0","0","90","0","0"
"compat","","","0","0","9","0","0"
"context","","","0","0","27","0","0"
"logutil","","","0","0","9","0","0"
"pmlogsummary","","","0","0","9","0","0"
"pmlc","","","0","0","18","0","0"
"pmimport","","","0","0","9","0","0"
"pmie","","","0","0","36","0","0"
"folio","","","0","0","27","0","0"
"other","","","0","0","18","0","0"
"pmda","","","0","0","18","0","0"
"pmda.cisco","","","0","0","18","0","0"
"pmda.pmcd","","","0","0","9","0","0"
"pmda.mmv","","","0","0","18","0","0"
"pmclient","","","0","0","18","0","0"
"multi-archive","","","0","0","18","0","0"
"decompress-xz","","","0","0","9","0","0"
"fetch","","","0","0","9","0","0"
"pmlogreduce","","","0","0","9","0","0"
"#541380","","","0","0","9","0","0"
"BAD","","","1","0","8","0","0"
"@vm13","","","1","0","8","0","0"
"@vm33","","","1","0","8","0","0"
"pmda.simple","","","0","0","9","0","0"
"pmieconf","","","0","0","9","0","0"
